{"cameraMode":{"drawMode":0,"name":"Shaded","section":"Shading Mode"},"sceneLighting":false,"audioPlay":false,"sceneViewState":{"m_AlwaysRefresh":false,"showFog":true,"showSkybox":false,"showFlares":true,"showImageEffects":true,"showParticleSystems":true,"showVisualEffectGraphs":true,"m_FxEnabled":true},"in2DMode":false,"pivot":{"x":0.6718020439147949,"y":-0.1604548841714859,"z":-0.2435985505580902},"rotation":{"x":-0.08542399853467941,"y":-0.543653666973114,"z":-0.055500857532024387,"w":0.8336408138275147},"size":0.13283893465995789,"orthographic":false}