{"cameraMode":{"drawMode":0,"name":"Shaded","section":"Shading Mode"},"sceneLighting":false,"audioPlay":false,"sceneViewState":{"m_AlwaysRefresh":false,"showFog":true,"showSkybox":false,"showFlares":true,"showImageEffects":true,"showParticleSystems":true,"showVisualEffectGraphs":true,"m_FxEnabled":true},"in2DMode":false,"pivot":{"x":-0.9618560075759888,"y":2.6737732887268068,"z":100.52295684814453},"rotation":{"x":-0.05157668516039848,"y":0.029418019577860833,"z":-0.001641582348383963,"w":-0.998776376247406},"size":3.535533905029297,"orthographic":false}