{"cameraMode":{"drawMode":0,"name":"Shaded","section":"Shading Mode"},"sceneLighting":false,"audioPlay":false,"sceneViewState":{"m_AlwaysRefresh":false,"showFog":true,"showSkybox":false,"showFlares":true,"showImageEffects":true,"showParticleSystems":true,"showVisualEffectGraphs":true,"m_FxEnabled":true},"in2DMode":false,"pivot":{"x":-0.04670143127441406,"y":2.362078905105591,"z":56.257911682128909},"rotation":{"x":0.07833303511142731,"y":0.14009307324886323,"z":-0.01111871749162674,"w":0.9869903326034546},"size":20.89031219482422,"orthographic":false}