{"cameraMode":{"drawMode":0,"name":"Shaded","section":"Shading Mode"},"sceneLighting":false,"audioPlay":false,"sceneViewState":{"m_AlwaysRefresh":false,"showFog":true,"showSkybox":false,"showFlares":true,"showImageEffects":true,"showParticleSystems":true,"showVisualEffectGraphs":true,"m_FxEnabled":true},"in2DMode":false,"pivot":{"x":7.17088508605957,"y":2.9815993309020998,"z":98.58243560791016},"rotation":{"x":0.004801157396286726,"y":0.0006301087560132146,"z":0.00034760546986944973,"w":1.0007470846176148},"size":2.8284270763397219,"orthographic":false}