{"cameraMode":{"drawMode":0,"name":"Shaded","section":"Shading Mode"},"sceneLighting":false,"audioPlay":false,"sceneViewState":{"m_AlwaysRefresh":false,"showFog":true,"showSkybox":false,"showFlares":true,"showImageEffects":true,"showParticleSystems":true,"showVisualEffectGraphs":true,"m_FxEnabled":true},"in2DMode":false,"pivot":{"x":1.553678274154663,"y":0.14440864324569703,"z":0.6556113958358765},"rotation":{"x":-0.04751504212617874,"y":-0.5676052570343018,"z":0.03257041051983833,"w":-0.8221449255943298},"size":1.5923981666564942,"orthographic":false}