{"cameraMode":{"drawMode":0,"name":"Shaded","section":"Shading Mode"},"sceneLighting":false,"audioPlay":false,"sceneViewState":{"m_AlwaysRefresh":false,"showFog":true,"showSkybox":false,"showFlares":true,"showImageEffects":true,"showParticleSystems":true,"showVisualEffectGraphs":true,"m_FxEnabled":true},"in2DMode":false,"pivot":{"x":-7.939086437225342,"y":2.4718475341796877,"z":94.6611557006836},"rotation":{"x":-0.0022317003458738329,"y":0.9972533583641052,"z":-0.029920361936092378,"w":-0.07253669947385788},"size":4.604185581207275,"orthographic":false}